latitude,longitude,density
50.724,-1.944,35354.39375982637
54.403,-1.742,34930.56686347484
53.233,-2.598,29545.6317182457
53.823,-2.593,32087.956464012088
53.531,-1.132,33055.4310466297
51.736,-1.584,36329.19942427264
51.599,-0.397,27111.484516512424
55.782,-3.985,31964.003474065234
53.609,-1.161,38986.46512556739
54.488,-6.111,33943.95399418849
51.591,0.667,33017.17480662406
50.895,-2.419,35355.20319435546
53.359,-2.005,32830.61181327124
55.206,-6.601,34223.177766835426
52.434,1.602,35014.731573315235
50.798,-1.055,29466.473791241286
51.166,0.55,33774.08735052411
57.532,-4.731,44333.415629421244
51.667,-3.367,35716.625544728464
56.853,-4.85,36527.986788917304
54.102,-1.417,34914.31524127826
53.27,-0.978,31964.028856562592
57.777,-5.256,31945.65926695528
55.008,-6.642,33793.842297397045
54.736,-6.625,32648.080392778586
51.357,-0.311,30229.89312574134
50.915,-1.507,30227.198557270887
52.417,0.829,30910.557607465722
50.817,0.243,33290.27872980831
57.515,-4.387,38152.52343163324
50.815,0.304,37993.929321477146
52.412,-1.523,40838.695776967834
51.904,0.901,33351.9026615781
54.846,-6.68,36746.38493510814
51.422,-0.082,37337.30033895277
52.52,-1.849,31181.28003773809
51.358,-2.733,30959.065098510073
58.414,-4.903,37275.52921860496
50.388,-4.131,30530.98492487501
52.973,-1.112,36558.744667677915
53.428,-2.157,35296.88108149953
53.547,-2.175,33738.43350618471
51.74,0.033,29215.719897525156
52.067,-0.792,35951.300733076045
52.484,1.719,36259.34261017696
51.537,0.062,37717.132745301686
53.135,-1.255,35639.485141646226
51.659,-1.868,32154.39716633797
50.863,-2.868,36341.64707883678
53.28,-3.247,33275.82152284522
52.806,-1.003,34153.23190778396
53.167,-2.085,32921.25822538807
55.627,-4.658,34906.36746546712
55.977,-3.965,33697.94803974749
50.982,-1.561,32862.584774118804
53.956,-1.054,33449.10492156063
53.509,-1.357,30034.83494215484
51.202,-1.808,30930.00339637188
53.152,-2.666,32457.16053274354
51.253,-1.172,33996.13049095361
52.591,-0.276,35544.2652855673
50.129,-5.605,32399.065574774737
51.476,-2.695,33711.677706111135
52.572,-2.162,28314.55419033639
56.403,-5.479,30846.220692818588
52.699,-2.49,38103.078621525434
52.223,0.982,35003.813955003534
53.157,0.324,35960.261754064246
51.837,-2.523,31524.56567353809
51.576,0.423,35073.98740853473
51.093,-3.209,26729.265459551865
51.608,-0.043,32706.471174177415
53.619,-2.308,37467.941027344816
50.946,-3.869,35659.37803706056
52.576,-1.127,38831.41088484184
52.827,-3.066,35892.45123580507
50.986,-1.747,35400.24066904194
52.717,-2.764,33805.759835126715
54.017,-0.218,36931.39129078927
54.948,-1.566,37008.21256150938
53.91,-3.043,36316.69007967233
53.326,-4.237,36997.98762905582
55.628,-4.676,38982.59196670798
55.13,-3.46,36132.95174488307
50.806,-0.582,37319.88783484805
50.725,-3.509,41939.44678159433
53.704,-1.208,32840.55749630977
51.67,-3.673,32183.909224835257
56.058,-3.534,38099.549834584046
55.771,-4.028,35855.739578679706
55.89,-3.551,39488.87409414109
51.311,-0.172,35876.6730936797
51.949,-0.682,38050.79014739133
51.366,1.129,39282.96350306254
55.083,-3.623,36642.80503402836
53.243,-0.531,36787.2152869338
51.127,0.215,35516.34435005561
54.469,-7.08,31841.751922004234
53.2,-2.877,36993.417837242196
51.758,-0.457,31706.483175969468
51.813,-2.506,33698.798936696156
51.478,-2.769,39306.4632221075
54.238,-1.982,35120.69628506561
54.11,-3.202,33875.66466693023
53.763,-0.199,36589.64167055115
51.465,-2.501,34924.5094900891
52.533,1.086,35083.2148135052
52.628,-3.198,33522.54704492444
54.838,-7.417,29622.62792047581
56.943,-5.422,33236.70471442007
51.408,-0.583,31127.712306147485
54.115,-5.905,35393.72545465599
53.37,-1.418,36954.42159298515
51.817,-0.044,37552.9938014477
53.417,-2.72,35175.70025285051
53.285,-2.789,36054.81644297317
51.575,-3.244,39365.26271857793
51.712,0.489,37750.824624939254
51.198,-0.809,37136.07798058618
54.375,-2.997,33143.51429584872
52.574,-2.175,32750.756893887083
55.775,-3.953,35952.161530988014
57.264,-2.191,33034.84838900516
51.687,-4.945,32014.004961885996
50.113,-5.364,32042.16496559612
55.173,-1.693,31148.711452511594
54.565,-1.155,34924.41847051573
51.488,-0.205,32734.481380428573
50.943,-1.433,30349.786497531008
52.128,-2.302,35673.28607906102
55.833,-4.158,34806.22873303803
53.979,-1.06,30846.0006050742
55.138,-6.667,32046.39368881622
53.043,-2.171,33805.30650604798
51.649,-0.77,35110.80694089004
54.46,-6.164,33564.01858557093
54.38,-6.305,33853.16517548409
51.551,-1.848,33070.199479889125
53.74,-0.403,35095.128668034784
52.655,-0.457,33322.31144673393
52.517,0.637,33860.39723646004
58.44,-5.1,33901.36766591614
54.581,-1.345,35288.00606565957
53.349,-1.428,33291.21418327211
51.708,-3.868,34106.4131050716
51.656,-0.074,32455.34593314911
51.645,-0.353,35809.201908589464
56.509,-5.015,34845.106686509884
52.759,0.444,35001.59955162434
50.855,-0.783,30984.396076158548
54.665,-6.26,35307.17980799133
51.41,-0.23,36792.98605163103
52.542,-1.971,36632.73908301262
56.667,-5.93,32993.68115424228
50.753,-1.9,34814.47950127539
53.151,-1.056,30286.488222804088
51.656,-3.178,32303.172928677595
50.99,-1.388,37890.34193160211
50.822,-0.328,37814.96942681579
52.005,-0.301,36925.968264163006
53.777,-2.728,35599.01172714191
52.633,1.373,35931.89964836397
57.959,-4.502,31812.00947364999
58.36,-4.969,29297.41671646435
53.357,-2.918,34036.56176823042
52.022,-0.495,34787.64523542404
53.367,-2.731,39761.43270813738
55.863,-4.526,34921.66009791646
51.322,-0.505,31889.846664002707
52.499,-1.949,32511.581765692943
53.569,-0.668,33256.07685156743
51.011,-3.093,32396.360725405844
53.795,-1.518,34486.307618216655
57.094,-4.474,34026.13163486792
55.103,-1.579,34587.674006531575
58.167,-6.975,28909.35204532547
53.8,-2.496,32269.61842724616
51.243,-0.502,33816.18830482925
54.604,-1.081,37260.0069591379
57.793,-7.059,31775.16123935694
54.222,-6.482,29987.355884588625
54.944,-1.422,35504.70846523586
50.267,-3.656,35068.052705149035
52.503,0.079,32387.912515750515
51.873,-0.921,33320.178040558654
51.625,-0.053,37677.59372411022
50.872,-1.877,32472.720302789217
52.389,-1.839,31421.482586431157
51.135,0.26,34907.71614788326
51.858,-0.12,34350.45826464664
51.597,-1.778,36548.10794469155
53.173,-3.103,34310.40871443795
55.007,-2.223,33515.14374170194
53.463,-2.752,33289.014210906294
52.962,-1.228,35156.054698051725
51.55,-0.154,36943.79189953971
51.965,-4.993,34542.9786027317
51.661,-3.927,32714.0869213829
53.305,-2.359,33781.83682709288
51.307,0.901,36120.09142820384
51.007,0.971,34950.17255909025
52.605,1.243,34856.631584454204
54.719,-1.48,34185.468335698104
51.52,0.304,31697.987380559636
56.088,-3.917,38086.383942853965
52.653,-2.12,30053.745011449035
53.244,-2.366,32683.107930976763
51.483,-0.437,34073.6599116423
51.14,0.433,35658.45541767661
51.56,-1.813,31813.188368391944
53.127,-1.302,32933.13622283335
51.737,-4.309,32641.937400783638
51.511,-3.245,36847.399080162395
52.75,-1.473,31914.265698433926
53.472,-2.311,34080.989140658756
56.014,-3.587,30774.837913574916
51.187,-2.231,34717.26312970327
50.852,-0.233,33475.000276806444
51.565,0.564,35448.56672723952
53.678,-0.335,36927.890139117124
51.132,-2.977,29968.895331228825
59.224,-2.826,37858.377872550955
52.24,-0.89,34925.772198053826
51.738,-0.023,29769.575239696784
52.034,-3.96,30278.986559103563
57.654,-2.198,34337.30347856197
50.997,-1.472,34077.03016249499
54.094,-1.784,34043.01826195888
51.953,-0.277,30094.83614565739
50.727,-0.795,35808.162461596876
52.419,-1.573,36238.45718909918
51.588,-3.331,35398.695940123755
53.139,0.329,30924.35357076384
52.061,-1.331,33067.43195409278
52.921,-1.482,32110.356693324527
51.288,-2.422,32182.57090069924
53.666,-1.562,31997.304675770305
54.105,-5.995,32866.70273216476
53.41,-2.62,31113.486744929432
52.938,-1.23,31067.435613378828
54.481,-6.045,35254.08539824084
51.78,-1.373,29643.97267952652
51.202,-2.713,32891.926957047006
52.901,-1.274,35196.406931004596
53.247,-0.544,37470.36732518602
51.77,0.066,39660.70638108296
53.495,-0.021,36599.882403865755
52.06,-0.772,33793.57206583341
51.848,-2.253,33873.89166849703
52.833,1.26,38510.8651635013
53.98,-2.735,37724.01302086872
54.904,-4.341,33047.53393494759
50.778,-2.941,39943.271531258746
50.81,-2.748,32913.48241137799
52.562,-1.905,37256.636374029316
51.95,0.81,34351.25154354579
51.156,-0.176,39876.03396292852
52.588,0.365,33819.13385679539
52.222,-2.743,33613.07340506182
51.421,0.147,33534.483097576456
51.599,-0.069,33546.29111006992
51.037,-3.03,33729.10762211578
51.485,-2.611,34383.89269815438
56.038,-3.817,34004.16541182122
54.374,-6.648,31511.34547839324
53.548,-2.114,33124.08746973066
53.537,0.002,34255.341989779816
51.938,-0.672,35209.81455928759
51.829,-0.786,32180.21785505479
50.76,-2.193,29488.238810683477
53.963,-0.327,30532.924340715424
52.32,-2.048,33716.76918239039
51.518,-3.67,38247.90801069711
52.378,-2.121,35709.50862187608
54.825,-6.332,35539.45812609915
52.458,-1.956,30206.926759623308
60.764,-0.872,35808.1905235807
53.174,-0.818,34344.30219287149
53.235,-2.372,34244.781628094766
51.546,-1.761,34095.64233533194
56.995,-2.288,33511.07629085706
51.583,0.223,30537.182356941827
51.029,-3.09,36162.21932222988
51.485,-0.029,36026.98325380955
55.891,-3.893,36475.57025746767
54.855,-1.571,34362.323818954996
52.783,-1.34,37049.07905593712
50.764,-1.88,36024.42440718989
53.319,-1.514,38834.68709760689
53.792,-1.678,33882.9192683481
53.747,-0.445,32615.975008964422
50.797,-1.883,33137.19055713904
54.539,-6.661,32004.660455277128
53.056,-0.491,33689.72938850863
51.41,0.011,34763.956243134344
54.955,-7.356,34326.23315360052
55.429,-5.59,36219.36725584633
53.873,-0.832,34245.62640089027
51.862,-1.984,32311.077709174464
58.374,-5.022,29065.02412362911
52.302,0.493,32164.1727186414
54.502,-6.78,40658.9371302503
51.737,-0.248,32516.537972189486
51.627,-3.585,30736.627062840562
55.89,-4.234,31715.611964851385
57.345,-2.884,37353.88434757546
51.57,0.233,31250.128915236764
51.029,0.119,34331.86385375343
50.819,-1.076,30530.87089268443
52.401,-0.523,37064.64039652223
51.314,0.905,37204.647343128585
54.698,-1.499,34554.12741678561
54.964,-5.127,35839.511917854106
54.226,-1.686,33046.440225386075
55.957,-4.025,34853.01308111301
54.565,-7.285,35333.263478755245
53.488,-0.978,34057.34016973653
53.832,-1.428,32810.84090274914
51.897,-4.058,33141.32986330673
53.76,-0.275,32089.842024619957
53.249,-0.885,32855.88406077419
52.312,0.877,37475.657474327534
53.28,-1.211,30169.38094406364
51.673,-0.06,37607.9731395082
51.477,-1.051,29814.398727583466
51.293,0.338,34500.34003258923
50.603,-4.497,36142.69048818606
50.398,-4.158,30155.95444637607
52.964,-1.086,33779.81997925921
53.813,-1.565,33330.94517022981
53.285,-4.625,35883.54278230541
55.896,-3.055,33958.96705127121
50.886,-2.77,33487.08527930091
51.145,0.336,36114.65311464576
53.743,-2.73,34790.06368444208
53.744,-2.446,34313.17410902167
52.491,-1.947,34058.939533660014
52.382,-3.163,28615.840461901676
53.476,-2.538,36306.519762395845
57.204,-2.187,33721.188867420875
52.585,-0.227,37606.30877515508
56.469,-3.207,36350.28729740206
55.604,-3.602,33816.682566327596
54.985,-1.543,36713.948947472025
51.728,0.43,35100.46868152033
53.291,-3.812,32365.648131975206
53.57,-0.071,36612.27457096234
52.554,-1.96,33835.80954940938
51.257,-1.123,34220.22085540594
50.357,-4.459,30666.096124071493
51.239,-0.787,38258.282935014744
52.691,-1.31,33709.33450066656
50.818,-0.482,38268.73670246642
51.257,-0.59,35761.80764186211
51.949,0.622,35360.14468038398
50.869,0.542,31014.82883019333
55.856,-4.412,30478.27543174859
56.594,-2.753,34036.95331583647
53.395,-2.193,36377.76331105533
54.859,-3.783,40544.13755813359
55.669,-3.607,38448.94785845787
51.363,-0.656,39529.124513345414
53.563,-0.554,38713.586992648656
52.931,-1.19,33970.74247097139
50.786,-3.267,30453.457324151816
53.794,-0.342,34990.25776007063
53.919,-0.937,34626.35195709336
51.212,-2.625,34370.0765957487
50.364,-4.449,31064.312942399134
51.308,-0.05,31648.608002714558
52.168,-1.187,34362.2371985286
53.249,-4.57,34691.40315226474
53.043,-2.297,33204.03832591561
51.59,-4.002,33993.46250019951
54.615,-3.554,32888.93285976516
53.569,-2.127,29978.13073216372
53.498,-2.89,33534.07706212723
51.404,-0.14,41769.17592412993
51.005,-0.146,41309.88775705057
50.576,-3.475,39777.40934445689
52.578,-2.164,39836.295926682986
50.317,-4.842,35889.7990904713
51.142,0.284,33153.44555868375
53.18,-0.465,35556.89233443953
51.809,-2.62,38817.73938839027
52.551,-1.836,35668.34328394239
55.042,-1.875,36162.67780787259
53.474,-2.582,31872.217332895205
57.012,-4.283,32552.717613459965
51.652,-0.286,32515.425236039184
55.943,-4.343,34767.136487712036
50.96,-0.168,36391.73037319037
53.011,-1.008,32401.837277574195
53.61,-2.332,31811.19928078552
51.468,-0.117,32302.866343778525
54.616,-7.294,36107.92717726244
50.734,-3.877,35121.858164710764
50.78,-0.957,36681.191080567696
52.937,-1.469,35420.45388963857
57.562,-2.571,36382.3871248886
53.714,-2.082,36038.955782892954
52.162,1.59,36682.61402430764
51.239,-0.192,37597.490877725904
51.418,-2.497,37301.98538405613
56.641,-5.276,36657.225855052005
51.597,0.237,35576.810885959465
52.173,-0.527,32145.07217695721
54.707,-1.747,34137.77207333489
53.151,-1.176,39618.60582154997
51.478,0.078,37619.98520139996
51.389,-1.318,37868.15620845792
51.027,-3.068,37609.241606553725
51.451,0.111,36723.84917683321
53.042,0.087,29095.62008221283
51.743,-2.246,36608.02892809178
56.118,-3.943,30364.111469281117
54.592,-5.606,35099.78191356241
53.985,-1.15,34745.903531043834
53.824,-1.57,37622.04836280737
54.912,-2.953,32437.11490703164
52.641,-2.55,40848.95955082416
50.841,-1.054,33556.132488826
51.776,-0.993,34980.40089861098
54.788,-6.887,36728.44741249876
50.788,-1.09,33351.8914915512
52.87,-0.872,34896.29379879769
52.851,-1.362,35752.11394338078
51.521,-0.442,32354.993778248398
53.753,-1.489,33445.18502919751
52.572,0.848,32038.90322474393
51.425,-0.977,29430.523737780382
50.483,-4.62,24948.06211457735
52.468,-2.166,32375.51027818506
53.43,-1.208,33992.70057044617
52.19,-1.554,33472.925069866105
51.424,0.795,35671.78860173373
55.808,-4.155,36940.365229370866
53.868,-2.943,37543.41115298998
53.463,-2.084,31849.73730078565
51.311,-0.333,30407.01843101935
52.817,-1.844,34176.45546740877
55.959,-3.977,32450.952368174607
52.636,-1.845,33642.641116637096
57.992,-5.025,31279.129266260297
53.959,-1.046,31118.842037007278
52.449,-1.481,40367.65557768076
52.345,-0.359,31401.36572424347
52.708,-2.805,36688.8315381298
51.883,1.04,33323.76006952471
52.591,-0.247,39228.70518989662
52.418,-1.598,41056.52408917225
51.72,-0.179,39146.38367723988
55.773,-4.38,37484.59171151214
56.298,-5.455,34840.85090064589
50.046,-5.227,35752.9035529046
54.589,-5.783,32830.255240893246
51.271,-0.74,39820.781995845864
53.616,-2.258,36052.2492711795
53.865,-2.994,33939.82016435016
53.184,-3.206,36352.56952496918
55.055,-1.742,32925.80549158192
52.7,-1.346,32841.26040530562
51.307,0.275,36575.04655352962
56.596,-2.608,34802.86255732921
52.143,-1.882,37089.0668614146
56.158,-4.766,37979.42804889467
51.501,-3.203,37783.23571230286
51.415,-0.373,44000.47133561448
52.661,0.127,41480.33312721037
54.717,-6.44,37625.85122922423
54.943,-1.646,40895.196814142604
54.766,-4.473,39465.67553633573
54.535,-7.098,34939.09657709288
53.785,-1.067,37184.4847825883
52.266,-2.137,36662.79158888667
56.153,-4.405,39181.94312516055
51.466,-0.38,35672.562663235825
54.1,-6.244,37405.766545543316
51.059,-1.314,36454.55797035938
51.324,-1.254,37897.28459365895
55.215,-1.686,31145.498062741608
51.055,-0.895,37502.45820101674
52.128,-1.933,38401.03097681693
55.362,-4.5,36199.79055892946
52.498,0.038,28376.095339024905
53.489,-2.648,35231.49226516674
51.011,-3.875,32994.04601858361
51.572,-3.228,36526.68160109023
51.83,-0.221,28714.130892005072
54.345,-7.808,37041.64763623832
51.887,-0.41,33549.32629833901
50.748,-1.712,34151.00178969819
52.344,-1.937,36124.573913622575
58.461,-4.495,31442.11621659541
58.244,-6.338,34913.16294680615
51.615,-0.42,35094.512486714644
51.426,-2.174,34198.22199819471
51.595,-3.775,38290.89122916663
50.736,-2.75,38048.85075818096
50.354,-4.075,34127.79444285256
52.701,1.403,34720.569618855414
51.625,-0.105,38931.517814765255
52.232,-0.252,37422.00971747898
56.674,-4.755,32424.29215970644
53.303,-2.202,37686.971807823225
52.127,-0.293,36846.49973247526
51.345,-0.836,35006.505547734596
56.21,-2.828,36476.59552170068
55.8,-4.868,42344.01070785413
51.188,1.242,38131.151762602334
55.267,-3.402,36785.19952980285
55.377,-2.608,43876.267203962685
51.363,-2.896,42695.36596893352
50.86,-0.827,37878.05402789017
53.33,-0.932,36574.03656853379
52.741,-4.073,41323.170220143045
56.706,-3.185,39859.19460649338
53.232,-4.274,36633.84734854811
52.893,-1.292,37485.810974959924
50.783,-1.855,31372.0709715649
53.539,-2.275,33231.49942898768
52.34,-2.07,35286.92666187403
53.435,-2.952,36460.86643434003
54.375,-1.631,36441.38791396898
54.392,-1.448,29818.24073620447
52.434,-1.909,35487.284005399946
52.713,-2.791,36148.07806380073
51.241,0.5,31374.292575902567
51.378,-0.432,35418.20173406371
51.637,-0.773,29566.71085245302
57.722,-5.396,31629.01898552986
51.595,-3.059,34173.15763620355
50.905,-1.405,38517.831172750535
52.705,-2.023,35686.228436263395
53.144,-1.257,29222.702242520336
50.698,-3.674,32239.46896532519
50.824,-1.593,33145.094090083934
56.343,-6.411,34256.53065652087
50.423,-4.976,31694.69180841255
54.369,-1.486,29401.831661917204
52.375,-2.268,38529.95067835774
57.495,-4.472,33618.23593103842
55.85,-4.242,35662.18255831539
57.228,-2.768,31455.870262747416
53.514,-1.183,33473.54988707726
52.518,-1.858,35713.12956464246
56.048,-2.661,35848.231622542546
55.867,-3.944,31558.53920299499
57.094,-5.311,30458.20171967325
56.469,-2.997,32164.448656340763
55.165,-1.7,32521.44928824121
54.318,-6.638,31224.596231581752
52.202,-0.69,29848.15129124091
51.408,-3.293,32860.94084497287
52.307,-3.325,36258.58522899979
51.593,-2.534,32608.40519338903
51.138,-3.539,34023.5021881254
51.131,-0.208,33137.83123908743
53.346,0.256,33268.80575550392
51.609,0.291,36684.028137784495
50.863,-0.404,33224.45507952368
52.496,1.744,29447.12049127519
50.808,-0.728,36602.84874450999
56.481,-2.855,31261.65280021404
50.428,-4.946,35597.91697399005
52.538,-2.001,33713.28202680775
52.212,0.008,32052.582503440444
50.412,-4.77,33178.48704982692
51.741,-4.206,30299.233711765017
52.581,-1.97,36179.477504170725
55.41,-1.59,31752.844421762074
54.532,-1.287,31448.005381253064
57.211,-2.286,38099.94299166633
52.281,-0.973,34379.94263390451
51.388,0.545,31761.23784984709
53.478,-2.33,31988.8496911337
50.804,-3.161,35457.502805694225
51.214,-2.614,32994.45424648902
52.342,-2.408,34247.83989714076
54.44,-5.487,34452.304175532234
51.958,-2.125,35645.44450938812
53.359,-2.828,32855.27231151247
55.893,-3.046,34583.177196107645
51.087,-0.716,35937.93570016397
50.801,-0.681,31178.385336934654
55.642,-4.211,32533.379269970555
52.238,-0.473,34973.57093371392
51.868,-0.557,36993.2337165692
52.618,-1.62,37228.11726197519
51.488,0.09,35006.21675125077
51.902,0.55,35028.30815800751
51.598,-0.247,37061.67131582758
50.416,-3.564,36813.92489964131
52.919,-1.142,34170.79722407678
56.143,-3.767,35718.43758016635
50.856,-3.772,32176.2647256867
52.894,-1.442,41771.785651464714
53.589,-1.755,32333.372570135172
54.992,-2.504,32385.772010760535
53.807,-3.017,34126.366669756
51.721,-4.757,37159.47528392018
53.552,-0.112,36655.852985513324
52.669,-1.34,34733.88068004488
52.613,-1.055,37827.50708587876
55.029,-6.601,34067.39017414889
51.732,-3.493,31476.230215175434
50.891,0.063,34132.8016869953
51.109,-0.168,34291.66005748382
51.842,1.233,35849.51250595737
56.726,-2.974,32231.87436747638
55.857,-4.317,33296.46245056525
54.018,-1.327,36260.39079014278
51.847,-2.518,39180.29646475916
55.021,-7.312,29803.13637335993
51.409,0.543,33372.575344749595
52.773,-2.242,34003.81254081754
51.566,-0.233,38875.91079110081
54.006,-0.461,34563.888952966874
51.977,1.373,33256.930763194614
50.381,-4.152,30375.435517790444
53.422,-2.162,34236.78108332955
51.667,-3.82,36985.45829556851
53.957,-2.018,34186.94383541918
51.618,-0.248,32367.04515234356
53.382,-0.33,28598.232345975266
51.72,-0.335,35868.975751533006
54.597,-5.693,34564.00859328257
52.076,-2.365,37625.871876914105
55.632,-4.652,34342.71749076757
50.918,-1.878,35503.61023262485
51.112,-0.197,31887.54040683961
52.533,-2.373,34097.74287857505
51.581,0.095,30126.956168491
53.365,-3.174,38984.28134174597
52.566,1.712,39250.65667214282
53.243,-1.878,34846.24387867292
51.909,-1.163,34931.4827808735
53.369,-1.498,34892.10459802374
52.69,-1.932,31698.012274505283
53.772,-2.72,33108.151183484675
50.629,-2.471,31558.434386500074
51.844,1.25,36071.03743627556
57.78,-5.343,30711.047139258797
53.075,-2.929,30706.417376987232
53.277,-1.245,36150.82571642355
52.845,0.626,35980.40839899798
57.125,-2.575,36956.23572000299
51.577,-0.011,33613.34680455386
50.89,-3.564,34836.03673375017
51.557,0.143,31789.11296803302
50.847,0.501,34456.74864964465
52.822,1.382,34980.1352229069
52.943,-3.983,34533.196082603296
57.798,-3.884,36144.607763104344
50.732,-3.519,31211.100902064296
51.538,0.717,33259.257072588734
53.557,-1.449,30564.299001115884
51.672,-0.256,29086.810483184712
51.44,-1.629,34841.230875677895
51.907,-0.176,35385.41382955837
51.385,-0.236,34967.771008897354
52.889,-1.429,34310.738264291336
55.855,-4.432,38801.20614663228
50.976,-3.222,37950.76731467177
56.846,-4.833,37676.21428648119
51.782,0.667,35957.40095182354
57.276,-5.443,30232.030939195178
53.324,-1.37,34136.67189846163
50.854,-3.399,33703.96194779022
53.401,-0.771,36203.897278469434
51.418,-2.61,35551.886131449486
51.428,-2.861,38482.621781650814
51.568,-2.396,35412.27533947705
52.228,-2.454,32344.543598856813
50.817,0.281,32353.60793153129
58.957,-3.003,37576.11333440242
53.449,-0.962,36567.725291397524
51.404,-2.399,31323.52772525244
51.033,-2.845,30261.167409766014
55.462,-4.324,30635.314675692392
52.635,-2.456,35786.828220944924
51.457,-2.624,29270.711319652306
56.467,-2.98,41717.89791912559
55.016,-7.307,43685.454757095766
51.632,-0.082,39388.71029943404
55.645,-3.478,41324.97616736111
52.875,-1.433,42122.59836103415
50.845,-0.943,41222.16642371182
57.434,-2.217,40337.36432621972
50.853,-0.907,37420.6520738336
50.681,-4.513,37953.258049432785
52.711,-1.127,35769.69057672254
54.967,-1.485,37390.26932885049
58.389,-5.141,33028.567331105245
55.906,-4.494,29792.24942652898
51.469,0.163,35045.12493086847
51.162,-2.056,36018.8264420752
51.756,-0.579,37451.69528228888
53.862,-1.611,32310.445813251088
52.517,-2.057,31643.174427147467
54.251,-0.897,36321.24967671945
54.679,-1.622,38425.53881129066
51.916,-0.512,31577.342142812413
53.624,-2.433,37194.84632855407
51.284,-2.098,38645.0090542115
51.516,-3.674,37035.28018314179
52.815,1.473,36950.98328019596
52.977,-3.078,30687.402866363547
51.554,0.151,33780.13103260925
51.456,-0.001,32550.147101377217
50.623,-3.39,35358.08854035926
51.918,-4.828,32540.06173804571
50.775,-1.583,34560.41147486558
50.47,-4.727,34620.696544700724
52.446,-1.517,36987.85552607099
51.572,0.103,34764.47425404795
52.414,1.229,36064.12473721996
51.904,-2.055,32656.691610594735
50.982,-1.371,36187.43822287829
51.507,-1.075,29431.537075783832
53.77,-1.419,32849.86784907146
51.757,-0.305,37366.38279397532
52.348,-0.196,30356.7871754823
51.412,0.057,32500.847831372415
51.271,0.405,33994.43085815484
52.576,-1.597,31817.182340433148
55.772,-4.037,37000.697713658126
52.694,-1.836,32896.622809740154
51.195,-0.614,34718.00309113677
57.352,-6.448,30512.690839983396
52.645,-1.926,33664.70776908132
53.638,-2.633,30560.16015899801
51.901,0.082,32115.96379924716
53.32,-2.692,33555.064178637076
54.743,-6.523,31656.73234144159
54.324,-6.491,33288.90555664076
55.127,-3.356,32137.569213630144
50.911,-1.518,35824.43036510334
51.553,-0.297,33809.720595827115
51.748,-2.213,34845.09649225269
50.975,-1.72,33022.45933949862
52.587,-0.204,31821.677819859997
51.549,-3.075,37018.31091586889
57.595,-4.438,37307.29627869493
55.728,-3.973,34890.19530481415
52.523,-2.062,38187.90302025785
54.357,-6.578,30870.159737819522
58.31,-5.057,28989.153985091412
51.596,-2.747,32634.64213241038
52.67,-2.15,32214.659720242405
52.233,-2.363,34745.46137489584
52.487,-0.544,31117.26509815835
52.655,-0.486,36001.224286051336
52.463,-1.952,34513.47344336924
53.987,-0.277,34261.76726590971
53.7,-2.42,33254.25243518078
53.247,-2.523,32622.61419550614
53.758,-2.856,35629.61482472284
54.589,-1.013,36171.76916702435
52.445,1.633,30516.20755635071
51.045,0.223,34830.826284617586
52.614,0.778,34255.60773832563
54.637,-6.803,37082.05628113895
51.062,-1.313,33518.357820437006
51.434,-0.336,33256.21495116064
51.961,-4.055,36250.116774712245
52.686,0.176,32007.62606241348
51.465,-0.022,34259.49385104799
54.696,-1.593,29559.27050386594
52.746,1.032,34811.81809213054
53.018,-1.288,29229.741898113898
52.147,-4.464,30028.65757047353
54.007,-1.055,32187.14779133177
53.844,-1.779,30408.769515773227
52.56,0.098,34014.12855694108
51.829,-2.494,34146.508408699876
53.552,-0.1,36581.10800557439
53.53,-2.707,31657.246678234154
52.914,-1.393,34327.48134118396
50.998,-2.415,34458.62574602877
51.844,-2.062,35697.499630734375
52.668,0.952,34758.788413692586
52.107,-3.219,29896.731400080047
53.53,-1.112,30110.25568717168
51.441,0.034,33251.82777054675
51.816,-1.813,36598.81831489706
54.563,-1.347,32887.038724322854
58.118,-4.865,28901.176352690807
55.958,-2.778,30734.89621543155
52.222,-0.67,35643.77246142223
52.909,-1.365,36194.68489260596
57.496,-3.219,34920.04499143869
56.214,-2.821,36550.42174823231
55.177,-2.166,41065.05158523177
53.319,-2.987,31813.30269929459
51.499,-0.05,36722.30746509832
55.869,-2.977,37126.351088854484
55.946,-3.365,32800.27314992638
53.835,-0.433,40094.06648466013
57.397,-6.57,35273.03050514791
51.581,0.621,35101.10624610287
58.4,-4.901,31131.25704001553
53.446,-1.965,32879.44641350711
57.452,-2.505,36666.12970162314
50.821,-0.43,42015.18119680275
51.554,0.808,39532.98742160559
51.718,-0.352,40479.92166367336
53.26,-1.453,39565.17307278412
53.616,-1.351,42542.18886157633
54.068,-2.836,40368.147262415485
53.401,-0.603,39197.4808139371
55.896,-4.233,34328.52160525621
52.107,-4.369,34139.63709087278
52.306,-1.942,33406.8846514924
52.337,-2.886,35449.46011171262
55.622,-2.877,33746.26655648193
52.992,-1.188,32491.237151169298
52.06,-2.691,35647.90810446306
52.064,1.235,31902.998541474703
51.613,-0.268,37519.52624386151
53.503,-2.452,36454.57861299784
50.988,-0.315,34506.4641791496
54.492,-2.67,35697.76310943264
53.744,-1.541,31089.3261689525
52.712,-2.458,32724.397507522117
53.773,-0.422,34056.8809372104
53.593,-3.045,34750.249973641716
51.637,-0.333,35957.59521963431
50.82,0.237,34109.16210604878
51.639,-3.328,32290.851779434768
54.429,-5.549,33538.94611421511
51.583,-4.054,30288.390044319727
53.958,-1.13,33791.09472901008
51.138,0.88,32403.86315912113
53.697,-1.424,36281.554772536634
55.816,-4.345,33625.61922397935
53.066,-0.368,33829.06715414785
51.795,-0.705,32526.56382636408
51.939,0.643,33161.715988002354
57.022,-2.59,34771.43833783437
54.678,-6.26,34577.93316417069
54.924,-1.677,34120.96935884195
54.512,-7.569,31938.101639234043
53.936,-2.277,27549.45672357131
54.55,-0.899,39011.175430403935
53.885,-1.264,30154.313249521
51.752,-0.017,33494.35125173676
54.88,-1.576,34508.246430398605
51.047,-3.965,31386.806357838945
51.255,-1.634,35416.932975149124
52.821,-1.646,34745.41401279383
51.568,-0.082,36743.07265300487
50.917,-2.705,35517.6250135746
51.313,0.981,36579.79955195621
53.252,-1.447,34558.48990027319
51.195,-1.244,36494.66916023046
53.798,-2.313,33656.31489451115
51.568,0.547,34606.82651385426
54.423,-1.524,33618.01814962578
53.514,-2.472,31182.15117593415
51.75,-0.963,33651.12278732537
50.853,-0.572,32029.683169655444
54.222,-2.774,34623.05732558974
51.502,-0.254,34802.503763827845
52.607,0.787,31910.447234504267
53.33,-1.353,32101.644643825188
52.335,-0.064,35219.9212990382
54.009,-1.449,34592.866720003
51.598,-3.656,35824.39029508422
53.862,-2.165,38797.36188827711
53.475,-1.575,38041.63329683241
52.86,-3.065,38244.540526272336
53.007,-1.437,33214.96255873699
51.52,-0.057,37646.132981237126
54.851,-5.808,34922.46909896986
53.737,-1.197,32744.828314397666
52.492,-1.83,38393.85170520551
54.891,-2.91,32407.15182089811
51.36,-0.592,32303.63554627371
51.424,-2.601,34719.54940233696
51.502,0.051,31530.614252389456
55.2,-6.423,31520.609677278873
57.81,-8.606,31629.051091032958
53.208,-4.166,29504.94723840945
52.1,-2.429,33308.3660687643
52.806,-1.398,31728.86415818088
53.838,-0.27,37737.34483986381
51.029,-2.16,32574.30409625851
56.114,-3.8,30531.706565664612
52.304,-1.513,30450.513410629836
54.127,-0.976,34941.556412462785
52.757,-3.944,34218.16534161668
53.103,-2.464,35924.31180766077
51.756,-2.692,34282.23347376242
51.759,0.085,33620.2116887037
53.168,-3.183,32166.21308158024
51.757,-2.618,32237.379851339934
51.474,-3.197,37787.82790311277
55.863,-3.987,35378.335979248004
53.808,-1.582,33514.70462855512
50.81,-0.388,37275.107270772394
53.221,-2.815,37756.77325754085
52.978,-0.014,37774.194800314115
51.622,-0.0,36769.954120055445
52.051,-0.69,36734.36570296821
54.548,-1.739,37081.00659757527
50.745,-1.262,37028.96860312039
52.172,1.283,31002.95346007874
54.953,-1.559,36524.20918291866
57.166,-2.092,36779.34775427029
50.97,-0.233,36761.66275794346
53.564,-0.625,36146.580112289696
57.412,-2.108,34673.5612188576
50.808,-1.893,34825.69240665591
51.407,0.052,30561.406724501998
52.562,-1.796,33474.18309215222
52.279,-1.337,36017.79724255765
52.382,-1.632,35107.949021856926
50.97,-3.527,37369.05584203696
51.663,-3.205,35504.803948493354
52.476,-1.415,29019.047896314136
52.906,-4.378,35138.38237902464
52.127,0.972,38761.909127135805
51.395,-0.755,35479.46931481239
54.317,-2.746,32522.87919716935
54.915,-5.047,31565.99115408384
53.233,-2.6,32418.358456852016
51.513,-3.28,34306.178532059705
51.417,0.785,38415.847779500305
52.976,-0.863,32521.88382454887
51.248,-0.76,37090.7120309624
52.852,-0.162,39096.914531243776
54.351,-6.138,37268.41465511681
51.595,-1.407,30185.95815773232
55.836,-4.061,36454.07429577288
56.48,-3.209,34566.762389764
52.248,-2.085,33691.26196912168
54.291,-0.951,33568.588438754654
54.183,-6.184,33168.5781797131
53.772,-2.313,29609.470047479255
55.895,-4.055,33598.649211015116
52.49,-1.843,31591.65115979856
52.965,-0.041,32874.25531483269
53.496,-2.635,33249.23338995293
50.855,-0.643,26707.93867829026
52.024,-0.523,37520.48217409507
51.488,-0.265,35351.77567469894
51.635,-3.977,33209.65224107314
51.421,-1.708,38302.173327151555
54.749,-1.437,37048.88112940686
51.663,-0.082,35871.344062019365
51.23,-0.643,35654.46471758408
53.267,-3.048,34942.7794173177
52.127,-0.775,35522.009840679835
53.373,-3.121,38903.692536246235
52.267,-2.141,34829.227721570736
53.215,-2.744,34624.32920642203
50.822,-0.484,37853.648775189606
52.132,-0.215,39931.87663775598
51.729,-3.459,37693.0609496417
53.332,-3.431,33859.74942578744
52.573,-2.146,37580.79811437887
56.296,-4.247,36446.58610544867
51.499,-3.244,35395.019658523306
52.367,-2.157,32346.10772034695
53.693,-1.399,34196.55520417176
54.577,-1.815,36009.828349229596
52.381,-2.237,37608.106800809815
53.569,-2.289,38066.39225736237
51.008,-2.196,36344.030285152134
56.085,-3.558,37405.32981581708
50.927,-2.298,34091.11304405252
51.094,-1.643,35118.414522167
50.788,-0.643,34972.86415628629
53.166,-1.444,37480.28118341166
52.58,-1.428,29345.3561310024
50.923,-0.116,35031.69167411474
52.142,-2.139,25213.124498926118
50.976,-0.472,31124.166430829395
50.655,-3.831,34506.313865810065
51.89,-1.14,33392.05415827775
50.41,-4.676,30155.131158567478
51.864,-2.118,31912.864114527583
55.478,-4.613,37882.51397036167
54.933,-7.094,39749.01343843281
51.583,-0.072,39626.918434816056
52.393,-1.65,37493.728697812854
53.71,-1.515,35455.52259731905
51.336,-2.198,36143.13326086272
53.066,-2.156,36154.003500074214
51.347,-0.111,33265.53875068199
51.108,-0.232,34902.67839307099
53.416,-0.785,34351.58085873076
53.081,-0.38,38574.17611986965
52.652,1.188,35884.44239304667
51.905,0.884,33150.272591325505
51.586,-0.399,37161.22851012567
51.481,0.078,35104.48223213979
51.527,0.162,33918.08807889831
53.198,-2.514,33761.451482626406
51.638,-4.131,30279.325854054267
51.445,-1.025,31973.614258949383
56.394,-3.455,33827.47915272678
57.376,-1.994,33212.822478426344
53.808,-1.789,36882.10731650669
55.588,-3.842,37072.97689315356
52.24,-0.535,38108.334111892895
53.677,-0.63,40467.15328536557
53.673,-2.915,35415.32342480528
53.651,-1.791,36271.96226523113
52.219,-1.038,34785.861713010905
53.349,-4.239,35404.83788765542
51.628,0.062,37716.29378751633
50.754,-1.32,38741.246445292236
52.272,-2.142,36182.27145773132
54.5,-6.31,33425.74295061464
53.594,-0.816,37399.82884494717
51.924,-1.746,33766.99660373464
52.61,-1.095,38420.71778300425
51.675,-0.599,34759.65216989875
51.632,-2.989,35439.03066706458
55.874,-4.402,38086.23442117729
51.689,-0.6,34955.50880135222
52.234,1.137,34381.61433631602
52.214,0.115,35222.885658492
52.294,-2.125,34216.2609619562
55.721,-2.305,37119.18850427381
51.615,-0.419,35887.91507493962
52.998,-1.185,36062.7503617159
52.972,-1.391,37436.49026671503
53.04,-2.965,36723.79170370124
52.199,-2.184,35956.88730254877
53.039,-1.193,43305.32036149662
52.757,-1.208,34655.693182620824
55.432,-4.659,32939.98258322192
56.856,-4.976,38055.40629048582
55.03,-7.264,35968.669719430094
52.965,-1.179,38192.583964778634
51.759,-3.397,35533.690823737845
50.725,-2.025,31333.08257377285
55.567,-4.642,32731.669301249396
50.224,-5.062,39110.35865620351
50.349,-3.853,34358.22551274573
53.467,-2.962,36590.55365302239
53.417,-2.598,41772.63100149568
50.82,-0.45,36567.19316816282
53.852,-3.037,35570.08603762621
51.583,-0.543,35614.33014540235
54.699,-1.244,36388.73259555944
51.576,-3.592,35664.400829635706
52.587,-1.165,42141.32433262593
53.257,-2.575,34115.33926541912
52.341,-0.653,35948.60291481663
51.113,-0.987,35195.8302036469
53.675,-0.525,37518.83352061901
50.177,-5.385,37694.5669338633
55.819,-4.167,36818.66448943148
53.288,-3.212,39276.02299003563
51.949,0.773,38818.87894950065
56.164,-3.583,39494.490128794794
54.573,-1.363,34804.866907346404
50.867,0.546,34049.420246397116
50.182,-5.236,37122.03505865
51.782,-0.44,35587.5090718031
51.473,-2.529,37545.88115972311
53.731,-2.688,37856.11643922946
52.591,-1.056,39328.458373690104
51.85,-2.663,36476.88197474083
50.34,-4.845,40938.48485285335
50.889,-3.252,33004.44338352335
51.771,-3.095,31312.093241951312
53.508,-2.331,33355.77339653728
55.879,-3.342,39166.27161923199
54.527,-1.218,40086.09481465159
51.527,-0.208,30754.92027979423
51.188,-1.582,32246.220462298603
51.614,0.116,36575.57994028176
52.674,0.936,36461.06137625092
51.655,-0.004,40454.34778436155
54.792,-7.353,33780.4157833434
52.207,-0.883,39422.83187347148
54.131,-3.204,38791.04011905132
55.607,-2.716,38699.76378387161
55.561,-4.647,36673.103682718975
52.649,-1.921,38175.69109338336
55.6,-4.537,36879.92476839047
55.031,-1.551,36446.784522430506
51.533,-3.678,41277.68724810679
51.634,-2.78,29868.013767508055
53.437,-3.057,33836.059471594046
51.815,-0.777,36055.57484492505
52.282,-1.554,36252.82117868395
56.488,-2.94,36796.077264049534
53.673,-2.946,39562.233320448366
51.636,-0.041,36616.40315730113
52.697,-0.052,34860.34441992884
52.893,-1.161,31245.461949803117
51.492,-0.324,33557.43187941736
53.403,-2.916,38132.72808376543
50.842,-1.478,37283.057459078795
57.266,-2.188,33423.47666674281
50.399,-4.095,28343.962805175743
53.139,-0.007,39198.41354762309
51.563,0.463,41828.61213370697
55.473,-4.59,39313.86607872255
53.761,-0.439,37404.986137804575
57.226,-4.037,32679.100027309825
52.676,0.942,38381.68481021304
50.23,-5.241,38366.23642919259
52.141,-4.368,34531.801118404066
50.55,-4.422,33726.1937705206
51.345,1.09,33174.68125891471
52.47,0.579,31238.451802759795
51.46,-0.193,33971.36322803586
54.622,-3.557,33732.58541466693
50.918,-1.51,35352.117353403475
53.624,-1.875,28887.705022866132
51.071,-2.197,35915.13735164583
53.723,-0.41,31981.040006818737
56.083,-4.526,32692.2035858687
50.835,-1.805,33798.65191803586
56.588,-3.34,33716.698649505786
60.152,-1.15,34086.79059588681
52.768,-1.946,37199.883111884206
51.675,0.29,32159.275901564335
55.076,-6.661,33684.28396086813
51.749,-2.576,31092.33698158755
52.493,-0.023,31647.446624511696
52.66,1.672,38302.025600425215
52.578,-1.603,34077.384468690885
50.907,-1.357,36562.76468440094
51.08,-0.31,37781.95449589242
50.811,-0.427,28024.667188852025
51.608,0.292,31238.92987877024
56.0,-5.915,36998.82671969592
52.495,-2.154,34352.228052742634
52.284,-1.727,38449.11857192102
52.94,-3.045,28757.515885096087
52.368,-0.213,35132.16891147219
51.735,-3.138,32734.325067805887
53.079,-2.945,34176.03875459022
55.347,-4.613,34322.33988826345
56.897,-5.447,33149.62790121751
51.781,-2.362,35751.941903790204
51.562,0.142,35678.481095989235
50.211,-5.125,34878.44905529809
51.575,-2.312,34541.889934435516
50.936,-4.219,34698.075111999075
51.475,-2.643,35292.32242345241
53.98,-1.104,31407.54740943689
51.377,0.726,30509.45414495175
52.608,-1.096,33486.51154194525
52.165,0.972,27078.505157958796
56.148,-3.907,27516.466811459588
50.412,-4.655,33548.87685309128
50.493,-5.01,33841.12445859483
55.857,-4.213,29128.380725168176
53.427,-1.281,29399.9075580488
52.365,-2.708,34371.2926858765
54.245,-6.59,31671.971215674665
56.11,-3.927,33733.464227812576
53.244,-3.451,36399.66003805382
51.363,-2.935,30527.199178971903
51.153,-0.653,33795.955887483935
55.521,-4.068,33747.16171281498
52.387,-1.583,34100.03560326212
51.642,-2.16,33361.73513406524
51.727,-1.542,34987.06641322034
51.685,-4.167,33914.612754297814
51.492,-0.04,36419.4098971547
52.043,-2.66,28711.26201445928
50.638,-2.508,31086.938078897918
52.445,-1.083,33691.75057461906
55.584,-3.86,30027.993405571513
54.602,-7.133,34710.43172180933
57.695,-4.177,35689.721260362094
53.197,-1.017,36090.57607807312
53.872,-2.391,31022.17318341946
50.545,-3.594,36591.93787103075
53.064,-0.66,34687.217242028484
58.331,-4.73,30135.618291169827
52.533,-1.795,26616.225190536577
54.951,-1.535,32258.258854017546
50.882,-1.879,31286.507652198605
57.19,-2.169,35890.792567774006
54.128,-0.797,33925.471669640334
51.031,-4.015,33639.446475651
51.81,-0.785,33257.953185610095
51.184,0.708,34104.26622515737
53.304,-2.23,31690.792211907967
53.408,-1.448,31576.20104898519
51.476,-2.71,33328.032440743846
58.171,-6.702,33122.5275679826
54.91,-6.636,30126.412886759703
53.292,-1.112,33811.87521557458
51.115,-0.743,40104.31197942048
56.401,-3.424,33443.55667105018
55.955,-3.23,36853.1573014723
55.624,-3.018,32661.67862733145
50.989,-0.82,32248.239976513167
53.232,-2.602,33527.0117908986
51.792,0.678,34664.84948177471
55.742,-4.69,31588.6403028254
52.946,-2.892,29690.733346667777
51.658,-0.937,29780.985728912878
55.811,-4.395,34260.195760428265
57.415,-1.867,32886.806582670564
54.84,-1.813,35586.55253566546
52.902,-1.19,37165.900673846314
57.08,-4.762,32753.683375381675
51.518,-3.505,32917.195757613394
52.407,-1.148,36746.2974658666
56.415,-5.447,36271.49034820725
52.68,-0.315,32206.024419177396
54.655,-1.682,31378.938833245833
53.188,-0.562,34870.22692817102
54.206,-3.264,35112.478360094414
51.507,-0.513,39522.732956938795
52.766,-1.216,37824.35499967797
53.378,-2.462,35060.22357217417
52.158,-0.704,40600.40532954797
51.585,-0.138,35730.01226988722
53.206,-0.126,34914.11517047689
51.572,-1.125,36345.04328619252
52.555,-1.14,37702.6213985642
54.135,-1.52,37297.49909988606
51.877,1.04,31928.38294981023
51.193,-2.67,35841.96754103094
54.527,-2.672,38136.41898235381
53.554,-2.893,36487.23731597479
51.413,-2.513,30965.91477060685
52.26,-0.677,34593.67256615513
57.647,-3.301,36512.32049278205
51.711,-2.847,35570.21447630125
53.162,-4.364,34783.39852547523
53.488,-0.329,38267.1564158173
52.218,-0.679,39569.40650055579
53.508,-1.542,33499.14794628207
55.849,-4.188,32340.987651156487
55.995,-4.578,32118.91910815012
51.44,-0.956,32457.5539227779
52.97,-1.088,34318.09758038625
53.729,-1.939,37130.81193648372
51.562,0.093,38371.69147077022
52.488,-1.46,32368.605724073466
51.259,0.191,31850.711681454384
57.696,-4.212,35495.63930409043
53.062,-2.988,33791.1269500494
53.389,-2.585,37211.14112903981
53.433,-1.45,36748.50984509456
54.46,-6.967,32277.336172108262
51.557,-0.079,31676.40923005376
56.097,-3.912,33614.037711916324
51.003,-1.346,32566.556809075086
53.308,-3.74,32413.997078285967
53.74,-0.333,34566.827603835794
51.472,-0.392,33204.306318304625
56.661,-3.2,30754.75761663674
54.518,-6.203,32984.11647716383
52.522,-1.928,33216.16642691813
50.836,-0.79,32014.110253347706
53.248,-1.942,32611.822365429747
51.357,1.435,30147.52385380779
53.215,-1.436,32586.98165866668
51.42,-2.336,36996.07051466
51.241,0.48,34264.2759112502
53.115,-3.119,33766.20384382869
52.491,-0.731,32702.340089792302
51.936,-1.86,33767.06224710672
52.175,0.048,35622.94727034149
53.81,-2.464,38469.85030975856
51.028,-1.469,32809.66206377292
51.557,-0.803,31330.11862640796
51.067,0.81,34752.70502208061
53.413,-2.31,32194.252675831925
51.871,0.357,30449.83699642463
54.294,-2.738,36402.718109309884
50.552,-3.623,32283.179878359027
55.878,-4.38,38005.39991222687
51.27,0.888,33324.02970214003
55.655,-4.805,31150.510500480555
51.46,-0.502,32383.698190846757
50.874,-3.654,32012.925029162023
50.966,-1.352,33799.64586839129
55.631,-4.672,36691.27572822862
52.742,0.953,32553.774336139242
51.187,0.93,37400.461040907605
54.363,-2.922,32276.589372769144
51.44,-0.381,35923.19758784075
54.712,-6.186,34837.070903957436
57.869,-6.86,33009.664050851
54.62,-5.926,34355.78596096129
51.427,-2.195,30800.131598894164
54.626,-7.553,31443.19004315825
51.544,0.25,33196.50230653901
55.132,-6.678,35008.3569332786
51.604,-0.384,35254.123376265954
51.151,-0.986,34689.48942535448
53.744,-2.989,35734.426766352415
50.862,-1.241,40309.39233899217
51.445,-0.048,32886.47083046705
52.125,0.159,34511.24002113161
51.625,0.189,32204.290601553686
52.451,1.59,26360.465515965763
51.588,-0.401,32553.83050161785
54.66,-1.23,32949.626282041834
50.884,-3.291,35859.66102302177
51.048,-3.951,32026.635963878787
52.338,-2.068,34853.940829511586
51.513,-0.105,33880.16630744476
54.427,-6.417,37102.4205883135
51.561,-0.589,39599.89640897527
59.007,-3.031,37768.44637724549
52.827,0.853,35698.011941078774
53.703,-2.268,35879.42008189854
56.009,-4.733,36007.60355080287
50.743,-1.852,33443.721943259334
53.327,-0.743,37404.26464479239
50.562,-4.366,34675.91655312807
52.962,-1.128,32236.777388209895
55.899,-4.339,35204.61114758935
52.398,0.249,38958.09986447206
50.661,-1.255,34687.95203398021
53.54,-0.103,32498.389882211766
52.546,0.081,32992.903647273
53.335,0.254,34119.3839218497
51.352,-0.312,31440.867212132573
55.038,-1.485,32319.990423595915
56.084,-3.87,32014.58892536442
53.865,-1.73,37225.005457512314
51.124,-1.264,33099.814155924636
51.25,-0.055,32716.07643986882
50.263,-5.12,30685.261510164426
51.34,-0.079,39706.79822633378
53.458,-2.863,35439.18884151565
60.257,-1.392,33052.52368809514
53.205,0.012,33542.48736198353
55.782,-4.071,35576.86673803775
51.922,-1.451,33370.156341535025
57.173,-2.133,30827.16629309311
55.894,-4.426,35280.217766181
52.808,-1.625,29656.39587048937
50.8,-1.149,31928.579832692667
51.57,-0.127,37713.8732205153
51.655,-0.403,35731.618996800564
52.046,-0.269,30864.007503934805
52.355,0.89,32111.085020360646
51.617,-0.366,32638.479725054538
53.24,-1.439,37713.99720622359
51.323,-0.543,38836.81373742783
54.803,-1.637,37389.36587302471
53.133,0.179,31800.021977062846
56.704,-2.681,28540.58788891716
50.412,-4.146,32380.858544748324
56.426,-3.43,31958.721435610005
52.704,-2.487,35571.40991509549
51.386,-0.355,34761.09580812141
52.591,-0.207,35054.08630174154
57.518,-2.0,30400.592778640574
50.177,-5.055,36188.29169708075
53.297,-3.564,34473.013451321436
52.443,-2.015,43785.68592207867
52.512,-2.15,39364.881593621154
52.504,-2.098,39144.41923396193
53.668,-2.751,37571.43481407208
51.505,-3.6,35512.50441340715
51.36,-0.426,37987.41992500138
52.583,-1.879,37327.40775685648
56.475,-2.946,33768.1863800451
57.077,-2.801,36292.29237630316
52.931,-1.48,36295.02642050118
51.841,1.073,34781.03816475049
51.745,0.699,34417.246625448126
53.905,-1.664,36978.61803165832
52.663,1.661,30760.94306645513
49.926,-6.298,36009.014506522835
55.766,-4.284,35986.55046389588
51.546,-0.063,35964.017343043015
56.529,-6.777,29730.813870865597
51.497,-0.297,31376.874445064455
54.579,-6.005,34808.024140418915
50.757,-2.617,30992.34933693725
56.034,-3.482,31684.862414442665
51.321,-2.868,30612.839884544712
53.881,-3.03,36928.46136727095
53.179,-1.428,41746.890005618334
51.599,-0.079,40479.45757062252
52.979,-2.197,39830.55826332382
50.929,-1.331,40845.81803584384
55.618,-4.65,37817.09821399604
55.896,-3.062,36965.66040701842
51.172,1.399,32219.042219479954
57.283,-2.23,40443.25542639358
51.563,0.095,31878.247974227248
51.458,-0.582,35842.376462351196
51.384,-0.252,39618.373056338176
51.74,-4.246,35302.827643457706
52.41,0.736,31927.38420822181
52.388,-1.85,36930.67392319396
51.695,-3.889,35014.68871448521
54.535,-1.208,37828.25527255463
53.582,-0.463,36944.39500028743
53.144,-1.552,34838.27879734982
53.329,-3.128,36741.55824114963
52.472,-2.02,35627.44182906698
54.577,-5.861,33670.59163496759
53.26,-0.216,32809.63833944474
50.774,0.275,33403.706643982
52.813,-0.78,32263.317798952266
54.654,-3.555,34454.23523914467
52.515,-1.714,31213.962485187512
53.324,-1.111,28121.107044561162
54.264,-6.143,30114.091147008112
52.906,-1.227,30008.54364171173
51.54,-3.309,36089.59212299237
53.664,-1.773,33481.324264790994
54.148,-2.466,37064.187561337785
50.432,-3.693,32526.502462272707
53.168,-1.186,34033.886661166944
53.247,-4.577,35625.619036659205
51.5,-1.017,33267.44087672495
51.657,-3.882,31780.501431851117
52.692,-0.757,38299.52863007197
55.778,-4.048,34233.420800656895
53.965,-1.288,35711.23957289605
51.431,-0.93,37121.698626572295
51.709,-0.101,33550.677712079465
52.623,0.165,35549.64898850903
53.748,-0.438,32419.65180319292
51.047,0.158,34556.842528667185
57.085,-2.256,32619.338438484323
51.186,-0.163,38612.70232818868
55.59,-2.012,38910.72354134808
54.39,-6.274,36129.6399805686
55.876,-4.19,35050.01352444499
52.98,-2.122,30124.553798425823
52.781,-1.245,37353.37225497952
54.578,-1.813,38740.873248542666
51.515,-0.612,35082.42434497284
54.508,-6.186,32807.622591024774
53.863,-1.688,31186.674482575385
50.493,-3.531,34494.52920168754
53.464,-2.372,32813.14253074715
52.052,1.177,31082.670528175553
52.948,-1.021,33430.06281925845
52.676,0.168,33145.96360687082
51.251,-0.727,33487.68732864771
50.413,-4.176,32475.403424490876
53.436,-0.413,29661.650745106126
53.869,-1.908,29824.58602784355
52.674,-2.424,32805.208347192005
52.435,-0.116,32421.44278343761
52.912,-1.295,31929.563867344077
57.053,-6.495,35956.00899143272
56.754,-5.843,31726.066493800055
57.208,-6.011,31227.710117619787
51.064,-0.835,29487.923272124972
54.072,-2.09,36700.09513664963
53.651,-2.87,31483.00134645094
52.534,-1.883,34358.3318648764
55.455,-4.532,32183.066374468035
52.623,-3.416,32098.45400835439
58.94,-2.965,40225.78299348361
51.755,0.471,34030.640300358966
53.408,0.015,32494.19738322754
50.375,-4.118,31811.754392007922
52.483,-1.867,41496.13594512158
52.055,-0.892,38942.044374541474
53.327,-1.161,31240.920424270676
53.527,-2.213,34464.88680517767
52.539,-1.428,39327.954664349905
52.503,-1.937,37780.95781236061
52.659,1.545,30527.344624102483
57.05,-3.046,32644.867926174273
52.105,0.273,31340.155621336045
52.686,-2.811,39068.2733603753
54.216,-2.962,37474.01567057049
52.814,0.033,33794.96565736662
52.666,-1.081,33643.29314744708
52.986,-3.244,37279.224767449195
53.863,-1.92,32913.3370706708
51.424,0.063,35886.43429430163
51.728,-3.369,39446.9206389062
52.288,-1.525,36012.75359919983
53.209,-3.028,30942.60341603976
53.933,-0.836,29727.962000265296
57.475,-4.417,35186.791230755065
51.474,-2.136,31584.374318112
57.505,-4.456,35313.71757089133
53.142,-2.296,36360.59562081839
58.838,-3.119,35095.17715386171
51.675,-0.032,34511.338117325395
51.692,-1.007,36290.586055763124
51.648,-4.041,28251.647807104953
51.876,0.865,33282.85981797039
51.179,-2.481,30700.787557461583
52.311,-1.929,27628.063999700917
51.593,-3.999,27334.323615963385
55.623,-4.505,30135.52584194171
50.95,-3.629,32096.542309049102
52.952,-1.243,32631.73239027587
52.652,-2.018,31719.40711030962
51.426,0.067,30998.270370753686
55.072,-6.47,34819.825961807685
58.242,-6.778,32518.98801844931
54.143,-0.788,33674.91173410139
52.284,-0.857,33127.214244582225
51.511,-3.244,29867.105987048184
53.741,-1.906,32129.901510467575
54.929,-1.625,37306.40417791146
51.454,-2.541,37698.75944598364
52.533,-2.103,33843.12494999212
53.249,-0.885,30134.5240016574
53.527,-1.603,33108.489301147536
53.854,-1.756,33938.5574782468
51.319,-0.174,33245.82375923489
52.695,-0.463,31030.135537116723
50.771,0.099,35846.68642410016
53.501,-2.109,29645.41995754413
54.954,-1.551,34361.31187998592
50.83,-0.116,35311.9248437269
51.647,-0.703,40825.34420320011
55.017,-2.986,30899.696202200907
53.804,-1.687,34810.90491478285
50.8,0.339,30197.873929655805
51.402,-2.599,33303.55822869503
52.555,-3.332,32534.28258242819
54.429,-7.233,31397.124064316267
50.855,-3.945,30951.864285638414
54.63,-5.872,33171.29288018713
52.367,-1.84,36300.12533590052
50.714,-1.935,29969.401579138495
52.916,-1.148,36887.90319457866
52.124,0.966,37643.94117645983
51.497,-3.646,33866.98091867604
51.706,-0.617,36382.07994371868
51.233,0.497,35865.96175036323
53.228,-1.834,31842.03442714375
53.268,-3.923,29804.67727385898
53.437,-2.994,36979.80647523819
51.457,0.01,27334.979670327863
54.515,-6.207,34300.49724299803
52.702,-2.773,30185.62768670461
52.543,0.118,30808.144020942975
52.447,-1.968,29787.148265437692
52.937,-4.526,33745.26144078238
53.253,-3.403,34975.94286182659
51.062,-2.414,30264.52783045783
54.225,-1.441,32337.72941745868
52.969,-1.162,39798.60845041741
51.61,-3.105,31301.03927022207
57.655,-5.258,37529.32783852129
52.744,1.247,30931.71624404822
57.909,-4.492,30573.71723690062
52.017,-1.309,27233.4920729082
53.745,-1.477,30876.869081990793
51.993,-3.385,29238.74922324709
50.63,-2.456,30046.438373755165
53.411,-2.293,32224.27228949051
53.094,-1.984,39223.24643055419
52.916,-2.383,34820.31177117212
50.434,-3.577,31217.751350302904
51.861,0.414,34529.586234890965
53.15,-2.382,33046.97512415949
52.203,-3.03,36093.29066803662
53.134,-1.518,35693.22027991267
51.568,-1.845,34310.184186930295
52.254,0.726,35764.37552552968
50.188,-5.283,34724.108563632
56.866,-2.338,34646.23648669145
55.769,-4.844,36056.64486580949
55.598,-4.675,33195.432792369655
53.446,-1.983,37137.311382539934
52.6,0.234,36732.72451414827
54.894,-1.71,34570.55945811038
55.875,-4.34,33125.741248959275
53.877,-2.958,34678.671933253434
50.753,-1.303,34046.90939143074
53.6,-2.294,37878.73524928524
52.987,-2.144,33699.395754741345
52.142,-0.466,35977.57171001526
50.871,-4.496,39148.32510236904
52.807,-4.512,38075.76056200676
55.962,-3.237,36589.06147237072
53.582,-0.168,37572.2478483826
51.886,0.918,39799.87260601729
55.831,-3.609,37354.03044419199
53.076,-0.144,30457.13620653234
52.763,-1.946,33830.41368072729
52.412,-1.552,34427.19415745854
53.16,-1.217,34848.66332278031
51.534,-1.146,33027.700459011925
55.009,-1.593,32248.26654696342
53.32,-1.17,37037.661645924374
51.553,-0.086,36659.576961368235
51.905,-1.663,33384.64232056195
51.447,-0.161,36803.83098066761
55.836,-4.52,37015.54356384289
51.568,0.075,32520.035138913223
51.253,-2.997,36074.24174441131
51.45,-0.335,39804.72331716815
52.663,-1.235,41217.27988456421
56.362,-2.892,39313.2788468725
56.914,-2.464,36781.11049264101
51.358,-0.186,36276.34948854156
51.583,-3.012,37537.34662135634
51.695,-3.012,39764.11968372954
53.065,-1.462,39506.8040772572
51.083,1.14,35507.60556229073
51.591,-0.08,34462.79635383074
51.828,-2.791,38465.07042316147
53.363,-1.36,34648.399970447186
53.377,-2.274,37408.30663562783
50.394,-3.705,38819.28356314329
52.663,-2.819,33956.19322376122
53.207,-2.932,36314.7805733426
52.795,-0.162,39224.46973217553
51.947,-0.081,35510.130379277296
51.398,-0.229,31222.15648911119
51.832,-0.102,34156.18077033753
54.636,-6.773,39656.69811776169
52.969,-3.173,34406.82102199753
52.528,-1.472,35387.61336032973
53.001,-1.949,34193.62605583484
52.754,-2.62,32160.958168960602
53.559,-2.343,37649.632632424415
58.234,-4.933,28363.563676156242
53.597,-0.207,36548.4348594574
55.62,-3.526,39500.39228985311
51.808,-0.812,40077.27797513068
51.882,-5.258,37496.355902335396
51.874,0.156,38979.415075806224
54.79,-6.158,34359.81559918151
53.427,-1.369,34866.6284089721
55.576,-2.668,34015.53402025611
51.576,-2.89,34736.205416091965
52.397,-1.827,37114.22872760805
58.454,-4.901,32062.611020665943
58.107,-6.86,28276.925339694535
54.08,-1.604,21601.23760083507
50.233,-5.092,29287.688093720455
54.539,-1.572,34332.47850388082
54.615,-1.565,31950.545946624097
56.206,-3.161,35794.988454617574
53.849,-1.769,34528.91994075378
52.49,-1.74,35217.472476448216
52.616,-1.117,39264.91863683887
53.942,-1.136,38958.35339240788
52.227,-2.277,37400.341076863224
52.657,-1.932,35218.93501503121
51.569,0.45,34097.53330717993
50.897,-2.088,37421.29235012512
55.944,-3.07,34843.05747363448
55.851,-4.036,33201.1261676085
57.479,-4.203,35716.68059746077
50.561,-4.677,28896.430449604166
53.221,-2.386,36541.84950518189
51.085,-0.296,34055.70388070006
54.237,-6.288,33359.3837997666
52.793,1.238,33752.33316751286
52.643,-1.187,30575.82425097351
55.622,-4.672,33153.50292137492
50.422,-3.774,34616.48442189339
53.892,-3.045,31592.72348903791
51.927,-1.37,33463.636356517505
52.633,1.28,27304.12553120005
53.929,-2.976,31953.874762804036
58.061,-7.023,30632.136555442852
54.056,-0.444,29924.757649120533
51.501,-0.823,32510.08518500764
58.24,-6.661,29326.21936407475
53.289,-3.811,30854.569286164256
52.188,0.184,34037.74149333177
54.774,-6.965,33571.564052113805
52.817,-0.18,28704.513068267606
52.467,1.124,37175.0174886026
52.241,0.685,36339.003581392055
52.923,-1.11,38412.525856782966
51.808,1.155,32427.687338692307
54.04,-2.894,33170.32919739571
50.809,-0.055,34150.44031465661
56.847,-4.072,31460.942186332675
52.882,-1.454,31322.17955345395
54.283,-0.414,32097.36343929923
51.672,-3.782,35160.69075922035
53.036,-1.888,34588.44380141648
52.184,-4.297,30160.584547295097
51.574,-0.7,33086.58129545991
51.323,-2.98,32782.16756290548
52.396,-1.938,33542.40217168092
55.547,-2.019,35413.82034931986
51.852,-2.174,33791.90399408477
54.227,-1.321,27792.926826895116
50.791,-1.862,33071.2730556689
55.925,-2.966,32450.62012720426
54.267,-3.108,32698.107054435874
51.62,0.502,34680.2344384283
53.091,-2.478,38228.286364703716
50.958,-2.775,32692.19477978904
50.842,-1.865,36679.23751502845
54.967,-1.44,31352.54810858646
56.379,-3.433,34492.89086502686
51.435,-2.478,29806.771231218212
53.319,-3.783,32150.084063594248
51.851,-1.038,32272.636734045376
50.239,-4.795,31078.95648931297
51.658,-0.089,32796.97187313999
55.852,-4.516,34178.82003949988
54.107,-0.643,35934.392465529585
53.32,-2.739,32664.67606737376
53.428,-2.27,34291.10753774513
51.202,-0.79,31851.552745174522
53.165,-4.186,32447.03838764169
52.934,-0.053,34240.7913439297
52.22,-3.392,37842.17704340639
51.051,-0.034,31435.700270473037
53.698,-2.315,35911.43526800788
51.511,-2.109,38152.62904561741
53.029,-1.859,35631.80684556674
54.349,-1.554,30644.973621990386
50.956,-0.492,30269.432981604867
52.359,-1.743,31581.343798995564
57.041,-3.204,34201.85783400382
54.381,-6.06,35443.23826120914
53.495,-1.137,32577.392098312386
55.004,-7.231,34364.28109275957
53.695,-0.765,31069.451309383046
53.494,-2.467,34007.09681388934
52.501,-1.883,32368.01924458601
50.583,-3.683,31962.9243489978
51.455,-0.16,34334.56485308301
55.608,-2.67,33726.93963043928
51.912,0.918,34578.26272878348
51.793,-4.029,36633.746040280836
53.963,-0.986,34695.58596360805
51.088,0.933,35955.809803797754
51.851,-2.527,39326.5517061429
51.209,1.027,39142.06660290062
53.442,-0.518,33846.89737059296
50.523,-4.218,33402.97999282133
54.77,-7.247,32337.6146531293
50.511,-4.829,33689.69204070329
51.362,1.424,31510.84767409992
51.231,-2.525,35885.827360337666
53.714,-1.619,32555.48687946156
51.684,-1.261,33205.84553159384
54.592,-1.391,33827.3149830045
54.483,-3.546,31739.17239990978
52.216,-3.915,33624.05747311367
54.987,-1.434,32866.231781668306
56.35,-3.23,32510.555590117692
54.773,-6.585,31792.69144828596
50.812,-1.156,34834.11253174609
54.988,-2.445,34518.8134592793
55.99,-4.644,32392.111973492174
52.922,-1.979,36335.10657643716
57.207,-2.186,35798.0194791074
58.178,-6.78,31955.528858418296
53.14,-3.403,31040.266728727445
52.929,-1.132,37675.546237201095
53.899,-2.954,33816.132544734435
51.124,-0.2,35868.54595790004
51.896,0.798,35933.467692013764
51.875,-0.434,34000.43625703722
53.81,-1.732,34970.61381400304
55.868,-4.113,36418.52788705557
58.908,-2.91,37519.88169830585
55.165,-6.581,32920.69732533811
51.661,0.76,35460.599092288394
52.437,-0.115,34569.21685199475
50.523,-3.582,33353.08233601389
52.602,-2.14,30713.89783616691
50.427,-5.055,33846.98291369543
50.265,-5.032,31861.884408634414
55.788,-2.016,31465.286926990193
51.47,-0.168,32130.31280444966
51.792,-3.214,28977.989340658594
52.062,-1.628,34407.98263457626
57.266,-2.369,35549.55436091216
53.068,-1.142,32346.213148055416
51.448,0.038,38285.70427694258
51.492,-2.108,37217.546917458174
52.054,-0.773,33529.93021512596
52.099,0.274,37653.47471595218
53.756,-2.579,37469.836913550644
53.706,-1.685,32944.32838856857
52.221,-0.737,37179.42218769878
51.593,-2.09,32929.96741696593
51.052,-3.56,38414.169256185094
52.905,1.349,41130.53328183984
50.816,-1.992,36047.443872442214
51.519,0.437,35557.15754004734
53.59,-0.655,38098.68613845169
51.286,0.193,36494.55311458338
52.642,-1.06,36717.106512158694
51.695,-3.208,39187.093088388414
52.113,-0.834,37109.523231887775
52.593,-1.965,35332.63665318802
51.359,-2.914,36162.343085094144
56.095,-3.945,36361.86091888447
51.817,0.596,32557.783398884865
51.39,0.533,34894.498720958
52.886,0.944,35973.685934800844
52.661,1.34,36417.60734477905
52.654,0.168,37745.57452543855
52.245,-4.14,35709.55379775886
51.787,-0.003,33351.46751518002
52.385,-1.833,34533.905301386716
52.568,-2.022,38560.541893172274
50.097,-5.209,39310.982298150986
53.252,-2.113,29391.8465875802
52.646,-1.696,34691.594536870805
56.076,-3.407,35500.40973681731
53.54,-2.573,34151.393274284834
55.146,-2.805,34299.774624359474
52.563,-0.23,33470.08988442878
55.857,-4.413,36965.68802186902
55.967,-2.967,39273.32170418217
52.513,-1.081,38396.01699143659
51.703,0.214,34819.3450260226
54.96,-1.659,38214.849142026964
50.8,-1.938,37545.131344534675
54.991,-1.67,36581.16509597657
52.033,-0.782,39999.5324804022
50.633,-4.46,37340.14282656754
51.398,-0.295,36286.8050801833
53.54,-2.767,33486.14629018637
54.094,-5.919,29575.67979573846
52.843,-3.343,33799.891224175124
57.987,-6.823,35166.50402147311
53.143,-1.348,25215.857733567827
51.447,-0.331,37999.122114260725
53.395,-3.026,34736.12973380268
54.095,-1.79,29986.015489296908
55.764,-4.044,31589.482241652433
52.645,1.285,34314.333997596346
51.421,-2.741,29943.083746805663
54.154,-0.783,31378.706885331194
50.944,-1.855,38081.365225145404
51.363,1.391,33008.20804675793
51.097,-0.709,29028.02135002849
54.233,-1.381,31208.3025252403
52.646,-1.938,31462.03156699092
53.103,0.228,30395.09980929066
50.743,-3.982,34718.94651127918
51.034,-3.111,35424.26880089039
53.441,-1.965,34879.721775405946
55.183,-1.556,29640.607053286007
56.885,-2.57,38583.40598069476
57.355,-2.154,35898.24431759402
50.858,0.546,31272.826482355485
54.74,-5.791,35881.692870959
52.713,-2.443,33040.740658355135
53.731,-0.952,34551.283061992515
51.623,-3.54,29219.654285451237
52.422,0.772,31637.12601054292
52.536,-1.461,33056.86669779478
51.785,-1.483,33907.81553273756
54.307,-1.843,33227.142923683845
52.06,1.245,35431.01321229781
56.466,-6.895,30367.642896763224
52.561,-0.271,30841.35326086124
51.391,1.392,34402.38217245728
55.174,-6.367,36374.726667556824
57.339,-4.502,30514.321349558722
51.444,-1.21,39213.82231099882
53.626,-1.527,31266.84324899842
51.226,-0.179,31490.795244794088
51.883,-5.263,35255.93309537223
51.98,-0.253,31920.30000465432
52.25,-2.769,32944.63850027339
55.785,-4.076,34930.20105603549
57.636,-3.572,35297.64733672135
51.583,-2.321,36979.349515701935
51.255,-0.846,36330.02431050894
51.991,-0.727,34852.75773281602
54.775,-5.729,35537.83576071531
50.883,-1.302,36454.99923609421
51.658,-3.023,35649.93996793064
55.887,-4.337,37893.43530578623
53.693,-2.854,38534.07193201876
52.705,-2.984,38293.93369290189
51.65,-0.298,37449.99513323067
52.74,-1.177,33939.93071462064
54.656,-5.928,38029.07292834914
51.561,0.318,34872.72078756531
51.765,-0.333,35567.67513629161
53.498,-0.664,32862.26542274016
51.2,0.132,36015.19276841348
50.801,-0.04,31783.436878674893
53.97,-1.1,29461.62206064928
53.712,-1.93,32384.3663825217
51.584,0.456,33253.73431814403
50.974,-1.609,35122.873544376955
50.214,-5.309,30610.203094311506
53.369,-2.86,29413.32182087402
52.352,0.514,37119.29142520687
51.391,-3.34,29500.781412518943
51.254,0.193,32435.096970638348
52.394,-2.0,35236.2491468288
54.594,-5.959,34797.48679244309
51.623,-0.509,35503.014205145846
51.369,1.106,34203.90562479455
52.681,0.833,31707.36836175384
50.701,-1.305,31192.847707528716
51.139,-2.981,37494.722063353765
55.888,-4.163,25901.677715763857
54.611,-1.58,30355.03986136441
51.565,-0.272,33658.78541580346
52.292,-1.902,37184.25857320062
52.587,-2.958,39491.57686088517
54.308,-2.21,33002.47774051453
54.281,-1.636,31579.168135562584
58.146,-6.842,30313.474732107523
50.95,-2.852,35725.14011335814
57.088,-3.66,30077.011629587294
53.785,-1.283,31677.03271106613
53.484,-1.611,30461.23203791926
52.272,-2.727,32136.196174156357
51.426,-0.062,39960.20427043019
53.953,-2.014,36557.52263726222
53.007,0.004,32429.49090522431
50.718,-3.554,33821.988557814824
53.763,-0.578,9498.686146537077
